zcrm_464730000003295018,2
zcrm_464730000003549406,10-Varios
zcrm_464730000003294237,3 suministros
zcrm_464730000003994300,31102458404011CD0F
zcrm_464730000003316405,35 suministros
Potential Id,CUPS
zcrm_464730000002639139,CUPS ES 0021 0000 1261 0305 WT
zcrm_464730000002800005,CUPS ES0022000005428487WZ1P
zcrm_464730000002867003,CZZ5748789001
zcrm_464730000000435153,ES
zcrm_464730000003747015,es
zcrm_464730000003964271,ES
zcrm_464730000003791033,ES 002 0327 9984 DC
zcrm_464730000004622153,ES 0021 000 1589 0229 FD
zcrm_464730000004482564,es 0021 0000 0027 2622 xt
zcrm_464730000005055521,ES 0021 0000 0034 2541 JE
zcrm_464730000002155119,ES 0021 0000 0199 7819 SJ
zcrm_464730000003791009,ES 0021 0000 0327 7858 DX
zcrm_464730000002115207,ES 0021 0000 0445 7462 YJ
zcrm_464730000002744003,ES 0021 0000 0746 0457 TJ
zcrm_464730000003475044,ES 0021 0000 0777 2618 WH
zcrm_464730000002772187,ES 0021 0000 0781 0427  JS
zcrm_464730000003416114,ES 0021 0000 0784 0940 YF
zcrm_464730000005101011,ES 0021 0000 0905 9245 FW
zcrm_464730000002735143,ES 0021 0000 0910 4707 MQ
zcrm_464730000001847009,ES 0021 0000 1097 0759 VD
zcrm_464730000001748127,ES 0021 0000 1267 7814 QC
zcrm_464730000002810199,ES 0021 0000 1334 4385 VN
zcrm_464730000002307045,ES 0021 0000 1567 8038 GQ
zcrm_464730000004819148,ES 0022 0000 0509 0779 QS1P
zcrm_464730000002710234,ES 0022 0000 0860 2754 ZM
zcrm_464730000002749035,ES 0031 3002 5222 1001 MC
zcrm_464730000002943224,ES 0031 4054 4387 3004 TE
zcrm_464730000002768113,Es000021000006605377zg
zcrm_464730000003903039,Es001000001293862cc
zcrm_464730000004992056,ES0020000006008130BM
zcrm_464730000005102015,ES0021 0000 1588 7805 VT
zcrm_464730000003725157,ES0021000000016492MK
zcrm_464730000002069155,ES0021000000025388RQ
zcrm_464730000003674262,ES0021000000089467GV
zcrm_464730000003729039,ES0021000000122574HG
zcrm_464730000003449420,ES0021000000128379VJ0P
zcrm_464730000002891189,ES0021000000133989PB0F
zcrm_464730000000835096,ES0021000000148635RY1P
zcrm_464730000003897191,ES002100000017025BR
zcrm_464730000004197056,ES0021000000201534RM
zcrm_464730000005056050,ES0021000000229101AH
zcrm_464730000004890268,ES0021000000236265QY
zcrm_464730000004893674,ES0021000000236269QX
zcrm_464730000004893682,ES0021000000236270QB
zcrm_464730000003733037,ES0021000000245075PF
zcrm_464730000004898038,ES0021000000267968ZS
zcrm_464730000004916222,ES0021000000267977SR
zcrm_464730000004916240,ES0021000000267978SW
zcrm_464730000003895313,ES0021000000321686GM0F
zcrm_464730000003873760,ES0021000000328246JX
zcrm_464730000003578221,ES0021000000350118KD1F
zcrm_464730000005133152,ES0021000000358502VK
zcrm_464730000002891342,ES00210000003815839PK
zcrm_464730000002916722,ES0021000000439669GK
zcrm_464730000004709065,ES0021000000450263MN
zcrm_464730000002902009,ES0021000000462157QS
zcrm_464730000003889132,ES0021000000484077AQ
zcrm_464730000003889122,ES0021000000484083AE
zcrm_464730000003897241,ES0021000000484733DM
zcrm_464730000003897251,ES0021000000485942SH
zcrm_464730000003897263,ES0021000000486010HV
zcrm_464730000003897293,ES0021000000486036LC
zcrm_464730000003889102,ES0021000000495250YB
zcrm_464730000003889112,ES0021000000495266FG
zcrm_464730000003897283,ES0021000000501393CJ
zcrm_464730000003897313,ES0021000000501413KX1P
zcrm_464730000003897273,ES0021000000501415KN
zcrm_464730000003897303,ES0021000000501433EF
zcrm_464730000003897507,ES0021000000525810RG
zcrm_464730000003889568,ES0021000000528312VE
zcrm_464730000003889428,ES0021000000538387LT
zcrm_464730000003897041,ES0021000000540669AM
zcrm_464730000003897051,ES0021000000540669AM
zcrm_464730000003889398,ES0021000000573664BH
zcrm_464730000003889378,ES0021000000573667BK
zcrm_464730000003889292,ES0021000000573668BE
zcrm_464730000003889388,ES0021000000573673NG
zcrm_464730000003889408,ES0021000000573673NG
zcrm_464730000003169007,ES0021000000578637KT
zcrm_464730000003897427,ES0021000000593440CZ
zcrm_464730000004796261,ES0021000000598654VF
zcrm_464730000003697411,ES0021000000609851KA0F
zcrm_464730000003897211,ES0021000000617025BR
zcrm_464730000003897181,ES0021000000617026BW
zcrm_464730000003085003,ES0021000000626319RA
zcrm_464730000003897597,ES0021000000628861LS
zcrm_464730000003889538,ES0021000000628862LQ
zcrm_464730000003889458,ES0021000000628879CX
zcrm_464730000003889448,ES0021000000628895KA
zcrm_464730000003889438,ES0021000000628912KC
zcrm_464730000003889528,ES0021000000628929EZ
zcrm_464730000003889548,ES0021000000628946TP
zcrm_464730000003889518,ES0021000000628963RW
zcrm_464730000003889498,ES0021000000628979RH
zcrm_464730000003889508,ES0021000000628979RH
zcrm_464730000003889488,ES0021000000628996WN
zcrm_464730000003889478,ES0021000000629013AY
zcrm_464730000003889468,ES0021000000629030GT
zcrm_464730000003889558,ES0021000000629046GQ
zcrm_464730000003889082,ES0021000000649338NE
zcrm_464730000003889092,ES0021000000649359JC
zcrm_464730000003830028,ES0021000000649401SQ
zcrm_464730000003897607,ES0021000000649401SQ
zcrm_464730000003889042,ES0021000000649422QZ
zcrm_464730000003889062,ES0021000000649448VV
zcrm_464730000003889052,ES0021000000649469HS
zcrm_464730000002729009,ES0021000000674094PF
zcrm_464730000003093052,ES00210000006761182AF1P
zcrm_464730000003697165,ES0021000000722119AP
zcrm_464730000002359003,ES0021000000754316EK
zcrm_464730000002094351,ES0021000000875942KF
zcrm_464730000003991033,ES0021000000898816AL
zcrm_464730000004004567,ES0021000000898816AL
zcrm_464730000003679227,ES0021000000929581FX
zcrm_464730000003766335,ES0021000000934569VF
zcrm_464730000003766163,ES0021000000934643CN1P
zcrm_464730000004075015,ES0021000000946657JC
zcrm_464730000004157163,ES0021000000959316NY
zcrm_464730000003766203,ES0021000000970602LE
zcrm_464730000003396435,ES0021000000978530LS
zcrm_464730000002926370,ES0021000000983307CP
zcrm_464730000003578141,ES0021000000996567KC0F
zcrm_464730000003449188,ES0021000001014693GE
zcrm_464730000004179011,ES0021000001018122QR
zcrm_464730000003449221,ES0021000001018740LK
zcrm_464730000003994136,ES0021000001020237QT
zcrm_464730000003994170,ES0021000001020788QE
zcrm_464730000003316445,ES0021000001021419KD
zcrm_464730000002776604,ES00210000010327935JN
zcrm_464730000003722106,ES0021000001048650DP
zcrm_464730000000121049,ES0021000001065966AM
zcrm_464730000003368016,ES0021000001065991GF
zcrm_464730000002907007,ES0021000001088998SZ0F
zcrm_464730000001064149,ES0021000001089009QW1P
zcrm_464730000003994109,ES0021000001089370PH
zcrm_464730000003137607,ES0021000001143681RA0AF
zcrm_464730000002510655,ES0021000001168661YM1P
zcrm_464730000000435053,ES0021000001206866BF
zcrm_464730000003416172,ES0021000001225073CK
zcrm_464730000001548127,ES0021000001243128TK0F
zcrm_464730000002945356,ES0021000001246517XY
zcrm_464730000003702659,ES0021000001246517XY
zcrm_464730000002772217,ES0021000001262088CY
zcrm_464730000003997284,ES0021000001286940LH
zcrm_464730000004093169,ES0021000001317400XA
zcrm_464730000002272057,es0021000001344039hp1p
zcrm_464730000003185151,ES0021000001368375HX
zcrm_464730000003903081,ES0021000001376480WL
zcrm_464730000003863102,ES0021000001377505RDOP
zcrm_464730000004181026,ES0021000001381024QD
zcrm_464730000003889366,ES0021000001416784FG
zcrm_464730000003889324,ES0021000001416829DA
zcrm_464730000003889334,ES0021000001416829DA
zcrm_464730000003897697,ES0021000001416836DX1F
zcrm_464730000003897707,ES0021000001416836DX1F
zcrm_464730000003889344,ES0021000001416885BJ
zcrm_464730000003889356,ES0021000001416907NN
zcrm_464730000003295307,es0021000001423497tr
zcrm_464730000003718406,ES0021000001424921SE
zcrm_464730000002217131,ES0021000001492669 VN
zcrm_464730000003096049,ES0021000001584831EJ
zcrm_464730000004336057,ES00210000016123759VC
zcrm_464730000005043031,ES0021000001672720WL
zcrm_464730000003689418,ES0021000001714265SA0F
zcrm_464730000003608119,ES0021000001801752TK
zcrm_464730000003882344,ES0021000001801752TK
zcrm_464730000002752053,ES0021000001803695QD
zcrm_464730000004197080,ES0021000001884999DP
zcrm_464730000001925541,ES0021000001885171QL
zcrm_464730000002103117,ES0021000001885496FE
zcrm_464730000002228553,ES0021000001964509QF1P
zcrm_464730000004197232,ES0021000002025206XF
zcrm_464730000004189625,ES0021000002044689YD
zcrm_464730000003762011,ES0021000002044706
zcrm_464730000003790028,ES0021000002044706FA
zcrm_464730000005114221,ES0021000002075214EJ1F
zcrm_464730000002550019,ES0021000002195383AF1P
zcrm_464730000004796612,ES0021000002226527TD
zcrm_464730000004114216,ES0021000002256099KA0F
zcrm_464730000004043229,ES0021000002264718GC0P
zcrm_464730000002211331,ES0021000002289005WL
zcrm_464730000003366011,ES0021000002316492RB
zcrm_464730000004985268,ES0021000002361313HS
zcrm_464730000003749147,ES0021000002398950ER
zcrm_464730000003727183,ES0021000002399656YV
zcrm_464730000003727193,ES0021000002399659YC
zcrm_464730000001300032,ES0021000002523731LF0F
zcrm_464730000002277035,ES0021000002550047JB
zcrm_464730000001759071,ES0021000002553148XF
zcrm_464730000002848442,ES0021000002576056VF
zcrm_464730000004043507,ES0021000002582773XP
zcrm_464730000002855104,ES0021000002607778QN
zcrm_464730000002855071,ES0021000002607906EW
zcrm_464730000003658242,ES0021000002616634XJ
zcrm_464730000002664301,ES0021000002660588AM1P
zcrm_464730000002825011,ES0021000002675309PS
zcrm_464730000003058237,ES0021000002705037JG0F
zcrm_464730000002906334,ES0021000002928835ZN
zcrm_464730000002403069,ES0021000003005856MY
zcrm_464730000004783125,ES0021000003005994BY
zcrm_464730000002281539,ES0021000003006465PV0F
zcrm_464730000003703564,ES0021000003009292QS
zcrm_464730000003689573,ES0021000003009871HL
zcrm_464730000001861189,ES0021000003014827GF
zcrm_464730000003923246,ES0021000003020029TB
zcrm_464730000003703459,ES0021000003037588GK
zcrm_464730000003703485,ES0021000003038678YF
zcrm_464730000002452103,ES0021000003048356JW1P
zcrm_464730000004358466,ES0021000003082726NX
zcrm_464730000003109486,ES0021000003115201KD
zcrm_464730000002855281,ES0021000003211096GV0F
zcrm_464730000003987320,ES0021000003294223FE
zcrm_464730000004211630,ES0021000003350048CA
zcrm_464730000003110189,ES0021000003394823BC0F
zcrm_464730000002766063,ES0021000003465682XQ
zcrm_464730000003652041,ES0021000003480269TK
zcrm_464730000003965005,ES0021000003494835JM
zcrm_464730000003727317,ES0021000003576458CR
zcrm_464730000004327091,ES0021000003740944HZ
zcrm_464730000000986409,ES0021000003743056HX
zcrm_464730000004282004,ES0021000003770882DY
zcrm_464730000002821011,ES0021000003815243YT
zcrm_464730000003702457,ES0021000003815839PK
zcrm_464730000002674205,ES0021000003939138XV
zcrm_464730000003788645,es0021000003944867ylof
zcrm_464730000002821075,ES0021000003965147ZJ
zcrm_464730000002926336,ES0021000003965147ZJ
zcrm_464730000004607079,ES0021000003975448WX1P
zcrm_464730000000071011,ES0021000003978358JE
zcrm_464730000000368056,ES0021000003982643QY
zcrm_464730000004288137,ES0021000004007394BD
zcrm_464730000004893184,ES0021000004026491JQ1F
zcrm_464730000003697105,ES0021000004027512NW
zcrm_464730000003697121,ES0021000004027512NW
zcrm_464730000003697083,ES0021000004027537JG
zcrm_464730000002217071,ES0021000004051090WM1F
zcrm_464730000003873290,ES0021000004083091JJ
zcrm_464730000000715208,ES0021000004083151QG0F
zcrm_464730000002816179,ES0021000004106012KA
zcrm_464730000002811027,ES0021000004106914ZP
zcrm_464730000002806318,ES0021000004107474SQ
zcrm_464730000002809220,ES0021000004107581CP
zcrm_464730000002753031,ES0021000004107654TN
zcrm_464730000002809268,ES0021000004107929NB
zcrm_464730000002811049,ES0021000004108116CZ
zcrm_464730000002809242,ES0021000004108913DY
zcrm_464730000002816167,ES0021000004112820HA
zcrm_464730000002811005,ES0021000004113610YB
zcrm_464730000002816143,ES0021000004113697XY
zcrm_464730000002506005,ES0021000004202380WR1P
zcrm_464730000003062120,ES0021000004202380WR1P
zcrm_464730000004085015,ES0021000004226800MH0F
zcrm_464730000003122049,ES0021000004229275KD
zcrm_464730000004379248,ES0021000004240516GA
zcrm_464730000004379238,ES0021000004240518GM
zcrm_464730000003034123,ES0021000004240521GP0P
zcrm_464730000003244017,ES0021000004250090YD
zcrm_464730000002728110,ES0021000004253631EP
zcrm_464730000003143580,ES0021000004281359PK0F
zcrm_464730000003355597,ES0021000004310127VQ
zcrm_464730000003074059,ES0021000004312705ZH0F
zcrm_464730000002916268,ES0021000004388536EH0F
zcrm_464730000003652133,ES0021000004407008CK
zcrm_464730000004166876,ES0021000004435507HT
zcrm_464730000003042136,ES0021000004448161QG
zcrm_464730000003608477,ES0021000004467158ZA
zcrm_464730000002852387,ES0021000004497131YF
zcrm_464730000004755201,ES0021000004639360GA
zcrm_464730000003279177,ES0021000004640031DP
zcrm_464730000000257165,ES0021000004663494VB
zcrm_464730000005044657,ES0021000004682982JH
zcrm_464730000003697431,ES0021000004696015MX
zcrm_464730000004198267,ES0021000004831846TA
zcrm_464730000004868341,ES0021000004831853TX
zcrm_464730000003449127,ES0021000004837776GE1F
zcrm_464730000002965250,ES0021000004893164KA
zcrm_464730000004803043,ES0021000004898961CG
zcrm_464730000005087339,ES0021000004908385SK
zcrm_464730000004163145,ES0021000004915199JG0F
zcrm_464730000003416071,ES0021000004915371CS1P
zcrm_464730000002038141,ES0021000004920833MAOP
zcrm_464730000001064589,ES0021000004932569DD0F
zcrm_464730000003158007,ES0021000004932569DDOF
zcrm_464730000000646013,ES0021000004942634XT
zcrm_464730000003997326,ES0021000004951978WY
zcrm_464730000003587356,ES0021000004975672CX
zcrm_464730000003702377,ES0021000004993396DR
zcrm_464730000002353103,ES0021000005013199LROF
zcrm_464730000002770205,ES0021000005032547DY
zcrm_464730000002734153,ES0021000005035283JM
zcrm_464730000005014528,ES0021000005091369JV
zcrm_464730000005014540,ES0021000005091558KE
zcrm_464730000003727141,ES0021000005121216TX
zcrm_464730000001990241,ES0021000005130163KX1P
zcrm_464730000004153011,ES0021000005131326AT
zcrm_464730000004155081,ES0021000005147950NH
zcrm_464730000004655011,ES0021000005165953JN
zcrm_464730000002699005,ES0021000005186884AJ
zcrm_464730000002767095,ES0021000005243011MC
zcrm_464730000004956001,ES0021000005280876LG
zcrm_464730000003872011,ES0021000005308711XD
zcrm_464730000003104213,ES0021000005330651KF
zcrm_464730000004719112,ES0021000005424971MG
zcrm_464730000003235017,ES0021000005456761FP
zcrm_464730000004237065,ES0021000005493965ZK0F
zcrm_464730000003312091,ES0021000005499021GV
zcrm_464730000003221391,ES0021000005549119CK
zcrm_464730000004516327,ES0021000005582519RW
zcrm_464730000004043391,ES0021000005583430VQ
zcrm_464730000003042021,ES0021000005593671WE
zcrm_464730000002379023,ES0021000005607170ZC1P
zcrm_464730000001964163,ES0021000005620336NF1P
zcrm_464730000003246128,ES0021000005635085DJ0F
zcrm_464730000000324327,ES0021000005653054PL
zcrm_464730000001718045,ES0021000005704389DH0F
zcrm_464730000004237077,ES0021000005720352JL0F
zcrm_464730000002353248,ES0021000005733765ET
zcrm_464730000003229386,ES0021000005748024CE1F
zcrm_464730000004179315,ES0021000005751394SV0F
zcrm_464730000004893198,ES0021000005751739KB1F
zcrm_464730000004652005,ES0021000005761713HA
zcrm_464730000002391259,ES0021000005761994FP
zcrm_464730000003111181,ES0021000005873592YX
zcrm_464730000003111216,ES0021000005881632BT
zcrm_464730000002183027,ES0021000005908869EM
zcrm_464730000002761279,ES0021000006006396FN
zcrm_464730000002761293,ES0021000006006555ZX
zcrm_464730000002772061,ES0021000006006558ZJ
zcrm_464730000003396117,ES0021000006007432YJ
zcrm_464730000002632145,ES0021000006008110JR1P
zcrm_464730000002773507,ES0021000006009742ST
zcrm_464730000002874079,ES0021000006080086ZX
zcrm_464730000003958047,ES0021000006100748SH
zcrm_464730000000108045,ES0021000006131936ZH
zcrm_464730000004151103,ES0021000006159612EW
zcrm_464730000003669005,ES0021000006197460BS
zcrm_464730000003621011,ES0021000006218657JY
zcrm_464730000004916057,ES0021000006234028ZJ
zcrm_464730000004524169,ES0021000006274008GL
zcrm_464730000004153031,ES0021000006345063NG
zcrm_464730000003727061,ES0021000006378542HH
zcrm_464730000003396127,ES0021000006420149XH
zcrm_464730000002681899,ES0021000006421146PA
zcrm_464730000004187105,ES0021000006458368QB
zcrm_464730000004677162,ES0021000006528937WQ
zcrm_464730000003729121,ES0021000006564081NQ0F
zcrm_464730000004752018,ES0021000006596685GY
zcrm_464730000004644321,ES0021000006596687GP
zcrm_464730000004981236,ES0021000006597069CE0F
zcrm_464730000002749073,ES00210000066053777
zcrm_464730000004007001,ES0021000006605377ZG
zcrm_464730000001047073,ES0021000006606006HN0F
zcrm_464730000002749103,ES0021000006606006HN0F
zcrm_464730000005152198,ES0021000006606476SE
zcrm_464730000003996053,ES0021000006608131HK
zcrm_464730000002211277,ES0021000006622737DE
zcrm_464730000004885023,ES0021000006637890RH1F
zcrm_464730000004093063,ES0021000006669433QM
zcrm_464730000003093015,ES0021000006683862EJ
zcrm_464730000004076113,ES0021000006694356HL
zcrm_464730000000694061,ES0021000006746784KF
zcrm_464730000003016053,ES0021000006761182AF1P
zcrm_464730000002224791,ES0021000006765398WZ
zcrm_464730000003652089,ES0021000006774750HM
zcrm_464730000002557289,ES0021000006779588KJ0P
zcrm_464730000003563011,ES0021000006801114ZB
zcrm_464730000003563001,ES0021000006803170BC
zcrm_464730000003770083,ES0021000006803170BC
zcrm_464730000001425005,ES0021000006814195PM0F
zcrm_464730000002943005,ES0021000006814721PW
zcrm_464730000003729131,ES0021000006827425PX0F
zcrm_464730000004510145,ES0021000006843914NP
zcrm_464730000004510159,ES0021000006843943JZ1F
zcrm_464730000005014001,ES0021000006849267SW
zcrm_464730000002185269,ES0021000006941247NM0F
zcrm_464730000000421103,ES0021000007003694JF
zcrm_464730000002852227,ES0021000007117685RX
zcrm_464730000003071412,ES0021000007211770KW
zcrm_464730000003749011,ES0021000007260775NV
zcrm_464730000003727011,ES0021000007420584ZE
zcrm_464730000000789013,ES0021000007524596YM
zcrm_464730000002692061,ES0021000007554409ZX
zcrm_464730000003923298,ES0021000007582604KF
zcrm_464730000004250572,ES0021000007639532NX
zcrm_464730000003210045,ES0021000007640483FH
zcrm_464730000004609007,ES0021000007664249YW
zcrm_464730000004221119,ES0021000007679197NT
zcrm_464730000002405185,ES0021000007683909DC
zcrm_464730000003932195,es0021000007700064ey
zcrm_464730000003702191,ES0021000007724058FB
zcrm_464730000000989393,ES0021000007800412SM
zcrm_464730000004187121,ES0021000007810427JS
zcrm_464730000003273024,ES0021000007858966PR
zcrm_464730000003668041,ES0021000007900311BS
zcrm_464730000004510267,ES0021000007901881XK1F
zcrm_464730000004396202,ES0021000007908167PM
zcrm_464730000004691026,ES0021000007926645YZ
zcrm_464730000004524071,ES0021000007967528JA1F
zcrm_464730000002119075,ES0021000007973987VE
zcrm_464730000003822023,ES0021000007979991AT
zcrm_464730000002304007,ES0021000008022904MH
zcrm_464730000002485001,ES0021000008033656JY
zcrm_464730000005043153,ES0021000008107519GQ
zcrm_464730000003702111,ES0021000008120585CH0F
zcrm_464730000003669119,ES0021000008148357DYOF
zcrm_464730000004107148,ES0021000008252132JM0P
zcrm_464730000002860427,ES0021000008305164HE0F
zcrm_464730000001047053,ES0021000008306510PB
zcrm_464730000003858005,ES0021000008307152JD
zcrm_464730000003332198,ES0021000008324225LQ
zcrm_464730000004000512,ES0021000008351489DW0P
zcrm_464730000003851055,ES0021000008351510XT0P
zcrm_464730000002403029,ES0021000008382910HM1F
zcrm_464730000001960186,ES0021000008383448HZ
zcrm_464730000003301194,es0021000008418354da1p
zcrm_464730000004331029,ES0021000008448605EN
zcrm_464730000004298001,ES0021000008450124LJ
zcrm_464730000002946035,ES0021000008513565VC
zcrm_464730000001906075,ES0021000008529382SJ1P
zcrm_464730000004042021,ES0021000008560245TX1F
zcrm_464730000002723195,ES0021000008566048EV
zcrm_464730000003923266,ES0021000008592406HV
zcrm_464730000004203045,ES0021000008656332SA
zcrm_464730000002540039,ES0021000008657633WU
zcrm_464730000004600098,ES0021000008687749RW
zcrm_464730000004308087,ES0021000008689610 JT
zcrm_464730000003571035,ES0021000008694338BJ
zcrm_464730000003295269,es0021000008786414nc1f
zcrm_464730000003195537,ES0021000008816168HN0F
zcrm_464730000003770065,ES0021000008902475ET
zcrm_464730000003702613,ES0021000008925491XQ
zcrm_464730000003900362,ES0021000008947935CN
zcrm_464730000005162049,ES0021000008973372EB
zcrm_464730000003881206,ES0021000008988235RQ
zcrm_464730000002704235,es0021000009024645cvof
zcrm_464730000001934783,ES0021000009126146VL0F
zcrm_464730000001064195,ES0021000009176867SW
zcrm_464730000003058276,ES0021000009191601BQ0F
zcrm_464730000003090559,ES0021000009192710JK
zcrm_464730000003703242,ES0021000009220554MN
zcrm_464730000003608277,ES0021000009265297HC
zcrm_464730000004531623,ES0021000009360968SBOF
zcrm_464730000002581497,ES0021000009364942GY1P
zcrm_464730000004611059,ES0021000009393248SE
zcrm_464730000004563189,ES0021000009393249QT
zcrm_464730000004093121,ES0021000009401347TW
zcrm_464730000003727275,ES0021000009629366TE1F
zcrm_464730000003702067,ES0021000009758725JY1F
zcrm_464730000000435127,ES0021000009819092SK
zcrm_464730000003725081,ES0021000009828873GG0F
zcrm_464730000004828435,ES0021000009888178YS
zcrm_464730000002305243,ES0021000009897293BE1P
zcrm_464730000003702253,ES0021000009919644VV0F
zcrm_464730000003093080,ES0021000009919644VVOF
zcrm_464730000004336013,ES0021000009923112FN
zcrm_464730000003290071,ES0021000009962050KB
zcrm_464730000000987581,ES0021000009993539XJ
zcrm_464730000002916219,ES0021000010001170CP
zcrm_464730000005070261,ES0021000010007553KC
zcrm_464730000002704541,ES0021000010023124PC
zcrm_464730000003778283,ES0021000010037959DC0F
zcrm_464730000003907683,ES0021000010041404KS
zcrm_464730000003503636,ES0021000010086530YE
zcrm_464730000002094249,ES0021000010122493MY
zcrm_464730000004365427,ES0021000010134983LF0P
zcrm_464730000000337219,es0021000010201297gn1f
zcrm_464730000004641044,ES0021000010227452ZQ
zcrm_464730000002975379,ES0021000010249563XR
zcrm_464730000003873330,ES0021000010297202BF
zcrm_464730000000690259,ES0021000010304709SQ
zcrm_464730000002710479,ES0021000010311173CV
zcrm_464730000003837316,ES0021000010334901VD0F
zcrm_464730000003254171,ES0021000010352309SY0P
zcrm_464730000003090803,ES0021000010354096TE
zcrm_464730000002926413,ES0021000010426194FS
zcrm_464730000003897477,ES0021000010436800PH
zcrm_464730000003897487,ES0021000010436800PH
zcrm_464730000003897497,ES002100001043680PH
zcrm_464730000003897587,ES0021000010436861BX
zcrm_464730000003897527,ES0021000010436862BB
zcrm_464730000003897467,ES0021000010436931ZB
zcrm_464730000003897557,ES0021000010437043LP1F
zcrm_464730000003897517,ES0021000010437217AK
zcrm_464730000002190209,ES0021000010451579FP
zcrm_464730000002307187,ES0021000010451579FP
zcrm_464730000002268027,ES00210000104649945Z1P
zcrm_464730000002268015,ES0021000010464994SZ1P
zcrm_464730000005008012,ES0021000010506007GH
zcrm_464730000003008277,ES0021000010510559HQ
zcrm_464730000003923288,ES0021000010516391LY
zcrm_464730000004491311,ES0021000010568347RM
zcrm_464730000000646089,ES0021000010587259HB1F
zcrm_464730000002375343,ES0021000010613447FW
zcrm_464730000001823229,Es0021000010619432zf1f
zcrm_464730000001829009,ES0021000010619432ZF1F
zcrm_464730000003672164,ES0021000010642705ZG
zcrm_464730000003897627,ES0021000010683168WX
zcrm_464730000003897011,ES0021000010683172WZ
zcrm_464730000003897001,ES0021000010683197AQ
zcrm_464730000003897637,ES0021000010683198AV
zcrm_464730000003897021,ES0021000010683223GL
zcrm_464730000003897031,ES0021000010683436ZW
zcrm_464730000003897363,ES0021000010715906EL
zcrm_464730000003897373,ES0021000010715907EC
zcrm_464730000003897383,ES0021000010715908EK
zcrm_464730000003897333,ES0021000010715909EE
zcrm_464730000003897343,ES0021000010715909EE
zcrm_464730000003897567,ES0021000010715911TR1F
zcrm_464730000003897353,ES0021000010716285QF
zcrm_464730000003897201,ES0021000010735765NY
zcrm_464730000003897807,ES0021000010735765NY
zcrm_464730000003897677,ES0021000010735930LX
zcrm_464730000004663277,ES0021000010735931LB
zcrm_464730000004663287,ES0021000010735931LB
zcrm_464730000004288115,ES0021000010763067AF
zcrm_464730000003897323,ES0021000010768069JH
zcrm_464730000003658041,ES0021000010770505GQ
zcrm_464730000003727225,ES0021000010782736FB
zcrm_464730000001043829,ES0021000010793844FX1P
zcrm_464730000004691095,ES0021000010825198JS
zcrm_464730000002710264,ES0021000010826146PC0F
zcrm_464730000004141054,ES0021000010827325ZA
zcrm_464730000003889072,ES0021000010873918SK
zcrm_464730000003553074,ES0021000010898767SF
zcrm_464730000003897437,ES0021000010904161LL
zcrm_464730000003897577,ES0021000010904245TB1F
zcrm_464730000003897447,ES0021000010904246TN
zcrm_464730000003897417,ES0021000010904372YT
zcrm_464730000003897393,ES0021000010904438PC
zcrm_464730000003897817,ES0021000010904489BW1F
zcrm_464730000003897403,ES0021000010904509BE
zcrm_464730000003897457,ES0021000010904509BE
zcrm_464730000003697319,ES0021000010906178SN
zcrm_464730000002807003,ES0021000010921597HK
zcrm_464730000002767895,ES0021000010921929XP
zcrm_464730000003897617,ES0021000010923649QA
zcrm_464730000003316421,ES0021000010931736EV
zcrm_464730000003435098,ES0021000010938630TB
zcrm_464730000000646059,ES0021000010971984RS
zcrm_464730000004386121,ES0021000010985800GP
zcrm_464730000000272038,ES0021000011000567WD
zcrm_464730000003721017,ES0021000011042110ZZ
zcrm_464730000001934697,ES0021000011070271CT1P
zcrm_464730000003279125,ES0021000011125060XA
zcrm_464730000004122050,ES0021000011150234TS
zcrm_464730000003669075,ES0021000011289676ZP
zcrm_464730000002898348,ES0021000011289678ZX
zcrm_464730000003996732,ES0021000011292106MT
zcrm_464730000004117088,ES0021000011362610BD
zcrm_464730000003997013,ES0021000011372034FA
zcrm_464730000003145396,ES0021000011397151HG
zcrm_464730000000121065,ES0021000011406104QX
zcrm_464730000002708215,ES0021000011413764GB
zcrm_464730000004567346,ES0021000011446895HE
zcrm_464730000003889282,ES0021000011466955VA
zcrm_464730000003889192,ES0021000011466968VQ
zcrm_464730000003889232,ES0021000011466983HP
zcrm_464730000003889182,ES0021000011466996HK
zcrm_464730000003889172,ES0021000011467027CY
zcrm_464730000003889252,ES0021000011467125RN
zcrm_464730000003889222,ES0021000011467246YH
zcrm_464730000003889162,ES0021000011467286PN
zcrm_464730000003889242,ES0021000011467347BG
zcrm_464730000003889202,ES0021000011467412ZT
zcrm_464730000003889212,ES0021000011467477QL
zcrm_464730000003889142,ES0021000011467481VT
zcrm_464730000003889152,ES0021000011467481VT
zcrm_464730000003897647,ES0021000011468189RH
zcrm_464730000002658375,ES0021000011476813PV
zcrm_464730000003934090,ES0021000011486335PV
zcrm_464730000003934080,ES0021000011486336PH
zcrm_464730000003934038,ES0021000011486353DN00
zcrm_464730000003934008,ES0021000011486354DJV
zcrm_464730000004490163,ES0021000011486357DQ
zcrm_464730000003934048,ES0021000011486370XY00
zcrm_464730000003934110,ES0021000011486371XF
zcrm_464730000003934100,ES0021000011486397BX
zcrm_464730000003934058,ES0021000011486398BB
zcrm_464730000003934018,ES0021000011486400BJ
zcrm_464730000003934070,ES0021000011486401BZ
zcrm_464730000004879166,ES0021000011493300NJOF
zcrm_464730000001849119,ES0021000011510885HA
zcrm_464730000002770131,ES0021000011518891KM
zcrm_464730000000257121,ES0021000011520924VZ
zcrm_464730000002035003,ES0021000011551291AK
zcrm_464730000004981274,ES0021000011588116HT
zcrm_464730000004893559,ES0021000011588396FG
zcrm_464730000004311045,ES0021000011607044NE
zcrm_464730000002525025,ES0021000011608261LC
zcrm_464730000002621191,ES0021000011613063KS0F
zcrm_464730000001159015,ES0021000011629417LQ
zcrm_464730000003564035,ES002100001167399WH0P
zcrm_464730000002353069,ES0021000011677029LH
zcrm_464730000003310185,ES0021000011714152TL
zcrm_464730000002820140,ES0021000011734518NF0F
zcrm_464730000003749039,ES0021000011742478JD
zcrm_464730000001064905,ES0021000011746526MD
zcrm_464730000002329007,ES0021000011767276XJ
zcrm_464730000003897221,ES0021000011768933JZF1F
zcrm_464730000003889418,ES0021000011768938JL
zcrm_464730000003897231,ES0021000011768948ZY1F
zcrm_464730000003034151,ES0021000011778266MD
zcrm_464730000003733011,ES0021000011785292BC
zcrm_464730000004655025,ES0021000011787413NW
zcrm_464730000001194055,ES0021000011814708WL
zcrm_464730000004159208,ES0021000011821960LA
zcrm_464730000004616080,ES0021000011844250EY
zcrm_464730000002766039,ES0021000011846450WK
zcrm_464730000003725409,ES0021000011884389LX0F
zcrm_464730000004517321,ES0021000011928352KC
zcrm_464730000003169052,ES0021000011962863GP
zcrm_464730000003725091,ES0021000011987850DV
zcrm_464730000003672316,ES0021000011997579HV
zcrm_464730000004407011,ES0021000012068724FT
zcrm_464730000002681689,ES0021000012091180VP
zcrm_464730000001245009,ES0021000012113269BV1P
zcrm_464730000004674063,ES0021000012128116JY
zcrm_464730000003897667,ES0021000012175044YZ
zcrm_464730000003897687,ES0021000012175048YH
zcrm_464730000001708113,ES0021000012258668PX1P
zcrm_464730000004331412,ES0021000012286908VY
zcrm_464730000003573019,ES0021000012315768FR
zcrm_464730000003246043,ES0021000012350150YK
zcrm_464730000003260209,ES0021000012358209NF
zcrm_464730000000121025,ES0021000012408797AH
zcrm_464730000004791058,ES0021000012555883GL
zcrm_464730000002872164,ES0021000012605616MA0P
zcrm_464730000003897071,ES0021000012628973PS
zcrm_464730000003897081,ES0021000012629008XG
zcrm_464730000003897061,ES0021000012629009XM
zcrm_464730000004796381,ES0021000012629031BG
zcrm_464730000003718001,ES0021000012660588AM0F
zcrm_464730000003532141,ES0021000012677912CX
zcrm_464730000003718280,ES0021000012681699RW
zcrm_464730000003889304,ES0021000012682167KX
zcrm_464730000003897171,ES002100001269008XG
zcrm_464730000004283076,ES0021000012690322PT
zcrm_464730000004630021,ES0021000012699269YT
zcrm_464730000003897131,ES0021000012749929TZ
zcrm_464730000003897141,ES0021000012749963WW
zcrm_464730000003897111,ES0021000012750001AV
zcrm_464730000003897091,ES0021000012750052ME
zcrm_464730000003897101,ES0021000012750052ME
zcrm_464730000003897161,ES0021000012750121PE
zcrm_464730000003897151,ES0021000012750155XX
zcrm_464730000001638095,ES0021000012758737SJ
zcrm_464730000002997021,ES0021000012761248DV
zcrm_464730000002997031,ES0021000012761297BC0F
zcrm_464730000004652489,ES0021000012767781VH
zcrm_464730000002384183,ES0021000012773391PQ0F
zcrm_464730000002105327,ES0021000012795233SP
zcrm_464730000002767839,ES0021000012839928AZ1P
zcrm_464730000003672154,ES0021000012883462XD
zcrm_464730000001748145,ES0021000012884524XJ
zcrm_464730000003889022,ES0021000012888019RN
zcrm_464730000004151069,ES0021000012914229ZW
zcrm_464730000003510064,ES0021000012978330HW
zcrm_464730000003729079,ES0021000013027750GH
zcrm_464730000002188421,ES0021000013044744FS
zcrm_464730000004000208,ES0021000013096790QN0P
zcrm_464730000002728218,ES0021000013105213ZV
zcrm_464730000003729059,ES0021000013105776QM0F
zcrm_464730000002729647,ES0021000013118383NP0F
zcrm_464730000004882098,es00210000131313213131311
zcrm_464730000003797035,ES0021000013134405HE
zcrm_464730000003797045,ES0021000013134408LW
zcrm_464730000003897827,ES0021000013139086SB
zcrm_464730000004644176,ES0021000013240169VD
zcrm_464730000004237055,ES0021000013267096SA0F
zcrm_464730000002938033,ES0021000013282310WV
zcrm_464730000002703009,ES0021000013351871KT0F
zcrm_464730000003510088,Es0021000013390633gf1p
zcrm_464730000004236080,ES0021000013399930VN0F
zcrm_464730000004616158,ES0021000013407648PW
zcrm_464730000004944007,es0021000013460896tm
zcrm_464730000003535114,ES0021000013492511VH
zcrm_464730000002557825,ES0021000013565274FD
zcrm_464730000004549084,ES0021000013565294PY
zcrm_464730000002268049,ES0021000013572861SY0F
zcrm_464730000003873280,ES0021000013581748XS
zcrm_464730000001888003,ES0021000013662231JK
zcrm_464730000004662005,ES0021000013684765GS
zcrm_464730000003897537,ES0021000013725852CR
zcrm_464730000003897547,ES0021000013725853CW
zcrm_464730000003658092,ES0021000013739734WZ
zcrm_464730000003658102,ES0021000013739845FX
zcrm_464730000003658112,ES0021000013739859PR
zcrm_464730000004549122,ES0021000013785469JW
zcrm_464730000003897657,ES0021000013823675HM
zcrm_464730000003689164,ES0021000013828943VY
zcrm_464730000003697383,ES0021000013861590XQ
zcrm_464730000002070015,ES0021000013875814PA
zcrm_464730000003858093,ES0021000013930728AQ
zcrm_464730000003217080,ES0021000013930831AL
zcrm_464730000003553054,ES0021000013963885LF
zcrm_464730000003889262,ES002100001467317DC
zcrm_464730000003889272,ES002100001467317DC
zcrm_464730000004223013,ES0021000015280391BQ
zcrm_464730000003897767,ES0021000015315395SZ1F
zcrm_464730000003897777,ES0021000015315420QQ1F
zcrm_464730000003897737,ES0021000015315440VJ1F
zcrm_464730000003897727,ES0021000015315457HF1F
zcrm_464730000003897757,ES0021000015315496CT1F
zcrm_464730000003897747,ES0021000015315552EX1F
zcrm_464730000003897787,ES0021000015315554EN1F
zcrm_464730000003897797,ES0021000015315602RZ1F
zcrm_464730000003897717,ES0021000015315605RV1F
zcrm_464730000003718254,ES0021000015369757XG1P
zcrm_464730000003702151,ES0021000015422791QT
zcrm_464730000002855038,ES0021000015423101YB
zcrm_464730000003697011,ES0021000015437731KJ
zcrm_464730000001085519,ES0021000015465028ND
zcrm_464730000002761235,ES0021000015488309NZ
zcrm_464730000004674077,ES0021000015503362TW
zcrm_464730000002188067,ES0021000015513429TH
zcrm_464730000002329069,ES0021000015515325ZM1P
zcrm_464730000003254251,ES0021000015548391WC
zcrm_464730000002384211,ES0021000015582014SV
zcrm_464730000003897121,ES0021000015586559YP
zcrm_464730000003628017,ES0021000015607360JV
zcrm_464730000003658063,ES0021000015625433VN
zcrm_464730000003243265,ES0021000015648722HW0F
zcrm_464730000002099079,ES0021000015651295ZE
zcrm_464730000003573001,ES0021000015655574VT
zcrm_464730000003729101,ES0021000015687979EK
zcrm_464730000002141038,ES0021000015769573MB
zcrm_464730000002851018,ES0021000015815636FM
zcrm_464730000003560038,ES0021000015847283AG
zcrm_464730000004823420,ES0021000015917827BF
zcrm_464730000004486105,ES0021000015964880XW
zcrm_464730000002557089,ES0021000015975981DB1P
zcrm_464730000003697223,ES0021000016061700XS
zcrm_464730000003096250,ES0021000016069115BR
zcrm_464730000004609119,ES0021000016072789DH
zcrm_464730000004007021,ES0021000016088943EA
zcrm_464730000004516227,ES0021000016116976KE
zcrm_464730000004250225,ES0021000016123602BR
zcrm_464730000004967369,ES0021000016137352XC
zcrm_464730000002329419,ES0021000016155691AM
zcrm_464730000003702477,ES0021000016317157PB
zcrm_464730000004424013,ES0021000016387008DB
zcrm_464730000004482908,ES0021000016387048BM
zcrm_464730000004424003,ES0021000016387053BX
zcrm_464730000003058346,ES0021000016427427HL0F
zcrm_464730000000520011,es0021000016439068HE
zcrm_464730000004043353,ES0021000016440313GW
zcrm_464730000003727285,ES0021000016562300VC1F
zcrm_464730000002457107,ES0021000016568309AA
zcrm_464730000003608537,ES0021000016569283EB
zcrm_464730000004243132,ES0021000016593166WC
zcrm_464730000003727021,ES0021000016628345ZD
zcrm_464730000003873036,ES0021000016709967KG
zcrm_464730000004122077,ES0021000016879268EW
zcrm_464730000000257179,ES0021000016915455PX
zcrm_464730000002843096,Es0021000016990495mr1f
zcrm_464730000003393007,ES0021000017226126ZC
zcrm_464730000004416057,ES0021000017316713CX
zcrm_464730000004674033,ES0021000017570674EM
zcrm_464730000003655853,ES0021000017627356WS
zcrm_464730000000435103,ES0021000017634416XZ
zcrm_464730000001359005,ES0021000017861080KJ
zcrm_464730000003544011,ES0021000017946619ZS0F
zcrm_464730000002126299,ES0021000018296650FD
zcrm_464730000003940628,ES0021000018407067RA0F
zcrm_464730000005006102,ES0021000018477553YV
zcrm_464730000002891122,ES0021000018578383CS
zcrm_464730000003718054,ES0021000018849532XV
zcrm_464730000002010183,ES0021000018976657VK
zcrm_464730000003045009,ES0021000019130810GM
zcrm_464730000004823598,ES0021000019572454RAF1
zcrm_464730000003691508,ES0021000019731502QY
zcrm_464730000004609422,ES0021000020247515AZ
zcrm_464730000002848074,ES002100002137481SL
zcrm_464730000002148383,ES00210000213748SL
zcrm_464730000002523041,ES002100002976689WA
zcrm_464730000003510104,ES002100006789419NT1P
zcrm_464730000000121057,ES002100009338500GZ
zcrm_464730000002732192,ES002100013510076EB
zcrm_464730000003210011,ES002100019782477RJ
zcrm_464730000003889032,ES00214000013583487VY
zcrm_464730000001169005,ES0022000000528703.8QS1P
zcrm_464730000000907017,Es00220000007035027rg1p
zcrm_464730000003953101,ES00220000007873912LX1P
zcrm_464730000002103323,ES0022000004387334EW1P
zcrm_464730000004377483,ES0022000004697116NC1P
zcrm_464730000002985039,ES0022000004703112CJ
zcrm_464730000003687237,ES0022000004915675QX1P
zcrm_464730000001640051,ES0022000004977234RK1P
zcrm_464730000004992040,ES0022000005007716QM
zcrm_464730000004166845,ES0022000005012768MC1P
zcrm_464730000004163009,ES0022000005012769MK1P
zcrm_464730000002920007,ES0022000005015636SJ
zcrm_464730000002035043,ES0022000005018542AK
zcrm_464730000000435227,ES0022000005036609FX1P
zcrm_464730000002153099,ES0022000005038254DE1P
zcrm_464730000003431059,ES0022000005040684TZ1P
zcrm_464730000004151049,ES0022000005048852xv1p
zcrm_464730000003376118,es0022000005048853xh1p
zcrm_464730000002153069,ES0022000005076817FZ1P
zcrm_464730000004721090,ES0022000005087593QA1P
zcrm_464730000004992030,ES0022000005106492DL
zcrm_464730000004669028,ES0022000005123803AB1P
zcrm_464730000004709005,ES0022000005124221KS1P
zcrm_464730000004491031,ES0022000005219959KG1P
zcrm_464730000003243175,ES0022000005247046WC1P
zcrm_464730000002953135,ES0022000005339972HA1P
zcrm_464730000003235458,ES0022000005428352LV1P
zcrm_464730000002362203,ES0022000005428722NL1P
zcrm_464730000003444179,ES0022000005440755FT1P
zcrm_464730000002610057,ES0022000005481724VY
zcrm_464730000004268488,ES0022000005488433DE1P
zcrm_464730000002997043,ES0022000005628318LK1P
zcrm_464730000004237087,ES0022000005688207RH1P
zcrm_464730000002686135,ES0022000005732482VH1P
zcrm_464730000002752011,ES0022000006008441XT1P
zcrm_464730000004777001,ES0022000006049094YN1P
zcrm_464730000004922057,ES0022000006129575DQ
zcrm_464730000003210085,ES0022000006172731TR1P
zcrm_464730000002646291,ES0022000006179912JY1P
zcrm_464730000002010286,ES0022000006181644LJ1P
zcrm_464730000001849065,ES0022000006295698XX1P
zcrm_464730000004515397,ES0022000006358353NQ1F
zcrm_464730000004351374,ES0022000006434404SA1P
zcrm_464730000003725281,ES0022000006454802MT1P
zcrm_464730000002269123,ES0022000006473732TR1F
zcrm_464730000004803003,ES0022000006489817DD1P
zcrm_464730000003669025,ES0022000006494432AR1P
zcrm_464730000001023175,ES0022000006532043MF1P
zcrm_464730000003725219,ES0022000006542417LP1P
zcrm_464730000000331060,ES0022000006544918JW1P
zcrm_464730000003235093,ES0022000006619630HX1P
zcrm_464730000004303007,ES0022000006715695DG
zcrm_464730000003109529,ES0022000007032772HA1P
zcrm_464730000003133238,ES0022000007035027GP
zcrm_464730000001811011,ES0022000007039680LB1P
zcrm_464730000003672065,ES0022000007152584YP
zcrm_464730000004755279,ES0022000007163218PQ1P
zcrm_464730000003380045,ES0022000007185642VS1P
zcrm_464730000002729497,ES0022000007216558GL1P
zcrm_464730000003122022,ES0022000007257916DT1P
zcrm_464730000003475082,ES0022000007317609MP
zcrm_464730000003899398,ES0022000007337316BG1P
zcrm_464730000003672035,ES0022000007374257FF1P
zcrm_464730000003718358,ES0022000007396679QG1P
zcrm_464730000003213015,ES0022000007396725HG
zcrm_464730000004163193,ES0022000007400970HV1P
zcrm_464730000004197005,ES0022000007400970HV1P
zcrm_464730000003398102,ES0022000007406378TC1P
zcrm_464730000003207001,ES0022000007466829FG1P
zcrm_464730000003702131,ES0022000007490557AL1P
zcrm_464730000003266574,ES0022000007621714WF1P
zcrm_464730000003637510,ES0022000007626098YQ1P
zcrm_464730000002664223,ES0022000007636098YQ1P
zcrm_464730000003412011,ES0022000007650220EQ
zcrm_464730000000421127,ES0022000007667338FE1P
zcrm_464730000003672023,ES0022000007669815TS1P
zcrm_464730000003725011,ES0022000007724529XN1P
zcrm_464730000000431041,ES0022000007776156RG
zcrm_464730000003247061,es0022000007788687vt1p
zcrm_464730000003628063,ES0022000007803231MP1P
zcrm_464730000005034196,ES0022000007805524JR
zcrm_464730000003697273,ES0022000007833976PW
zcrm_464730000004992018,ES0022000007857378JJ
zcrm_464730000002730007,ES0022000007873738BC
zcrm_464730000003996313,ES0022000007925828ES1P
zcrm_464730000002587009,es0022000007928372hy1p
zcrm_464730000003073365,ES0022000007938825NV1P
zcrm_464730000004804217,ES0022000007938830NE1P
zcrm_464730000003990314,ES0022000007961042NQ1P
zcrm_464730000003715209,ES0022000007972916EE1P
zcrm_464730000004777263,ES0022000007975695MH1P
zcrm_464730000003378187,ES0022000007988424FM
zcrm_464730000002916681,ES0022000008008421WS1P
zcrm_464730000003960009,ES0022000008010326QB1P
zcrm_464730000003538028,ES0022000008048580TQ1P
zcrm_464730000002215143,ES0022000008057839NY1P
zcrm_464730000004709029,ES0022000008063144NK1P
zcrm_464730000003355463,ES0022000008081021PG1P
zcrm_464730000002860485,ES0022000008114722RX1P
zcrm_464730000003725337,ES0022000008183095FG
zcrm_464730000002625233,ES0022000008253019BP1P
zcrm_464730000002898281,ES0022000008259215GV
zcrm_464730000002744231,ES0022000008285144MW
zcrm_464730000003907319,ES0022000008286647RX0F
zcrm_464730000002427043,ES0022000008321083AS1P
zcrm_464730000003096001,ES0022000008350307DY1P
zcrm_464730000004147034,ES0022000008363643ZW
zcrm_464730000003672055,ES0022000008388613HV1P
zcrm_464730000003571045,ES0022000008414202GF1P
zcrm_464730000002674135,ES0022000008417970FA1P
zcrm_464730000003697063,ES0022000008419049PR1P
zcrm_464730000003062142,ES0022000008419587PX1P
zcrm_464730000002692126,ES0022000008421716DT1P
zcrm_464730000005124207,ES0022000008426334WH1P
zcrm_464730000002809130,ES0022000008429280SC1P
zcrm_464730000003412001,ES0022000008448754BJ
zcrm_464730000002165015,es0022000008468212yj
zcrm_464730000000646129,ES0022000008476408VK1P
zcrm_464730000000121073,ES0022000008543985NR1P
zcrm_464730000001928133,ES0022000008548548AX1P
zcrm_464730000001043557,ES0022000008570458JR1P
zcrm_464730000002510549,ES0022000008590012NM1P
zcrm_464730000002997205,ES0022000008628994MW1P
zcrm_464730000003672045,ES0022000008633796YC1P
zcrm_464730000001839089,ES0022000008681771EV1P
zcrm_464730000002741011,ES0022000008682276KQ
zcrm_464730000003702171,ES0022000008687487HY1P
zcrm_464730000003669055,ES0022000008689966BR
zcrm_464730000004280069,ES0022000008691319TC
zcrm_464730000002038131,ES0022000008702261QZ1P
zcrm_464730000003219475,ES0022000008714284XP1P
zcrm_464730000004280013,ES0022000008750311NV1P
zcrm_464730000003749059,ES0022000008754283RX
zcrm_464730000001920003,ES0022000008803541GW1P
zcrm_464730000000257149,ES0022000008835101LY1P
zcrm_464730000003697023,ES0022000008934486QP1P
zcrm_464730000002099271,ES0022000008956469YA1P
zcrm_464730000002880042,es0022000009023754xj1p
zcrm_464730000003570164,ES0022000009036416DW1P
zcrm_464730000003355028,ES0022000009038325TW1P
zcrm_464730000003391167,ES0022000009038326TA1P
zcrm_464730000004618045,ES0022000009054582QK1P
zcrm_464730000004669003,ES0022000009055130VV1P
zcrm_464730000002825085,ES002200004004029PS1P
zcrm_464730000003521019,ES002200005731811BZ1P
zcrm_464730000004524011,ES00221000010408450HGOF
zcrm_464730000003872051,ES0026000000239975KD0F
zcrm_464730000004336037,ES0026000000372888GMOF
zcrm_464730000002209309,ES0026000000599129LH0F
zcrm_464730000001354109,ES0026000000599275AA0F
zcrm_464730000002408025,ES0026000010181435LHOF
zcrm_464730000002188007,ES0026000010195906GE0F
zcrm_464730000004944097,es0027460000003704kf0f
zcrm_464730000003241036,ES00277000009769855ZG
zcrm_464730000003295042,ES0027700010846001AM0F
zcrm_464730000004768356,ES0027700020894002XL0F
zcrm_464730000004828303,ES0027700020894002XL0F
zcrm_464730000003601025,ES0027700021416001MX0F
zcrm_464730000001871013,ES0027700036503001RE0F
zcrm_464730000002872003,ES0027700171339001NV0F
zcrm_464730000004058370,ES0027700215397001EE0F
zcrm_464730000004365457,ES0027700215466003XR0F
zcrm_464730000003872031,ES0027700215592012ZQ0F
zcrm_464730000003241009,ES0027700216080004WV0F
zcrm_464730000003086246,ES0027700216086001XB0F
zcrm_464730000003380019,ES0027700233935001XE0F
zcrm_464730000002529151,ES0027700516995001NB0F
zcrm_464730000003903061,ES0027700539514001NX0F
zcrm_464730000003039007,ES0027700551533006VC0F
zcrm_464730000003321003,ES0027700575825005PV
zcrm_464730000003721091,ES0027700575825006PH
zcrm_464730000002620147,ES0027700576830001GM0F
zcrm_464730000003894531,ES0027700577072010SP0F
zcrm_464730000002307127,ES0031 4054 20372002 QYOF
zcrm_464730000003697199,ES00310000000380038DZ1
zcrm_464730000003718218,ES0031101304740003NQ
zcrm_464730000003669085,ES0031101305629082MF0F
zcrm_464730000003382059,ES0031101316792001azof
zcrm_464730000004645267,ES0031101368356001ZS
zcrm_464730000002351111,ES0031101384456001DS0F
zcrm_464730000004076184,ES0031101395822001MJOF
zcrm_464730000003355509,ES0031101410943001PP0F
zcrm_464730000003702573,ES0031101432860003PB
zcrm_464730000003718302,ES0031101433479020NY
zcrm_464730000003770013,ES0031101434313001RF0F
zcrm_464730000003658160,ES0031101434484001FW0F
zcrm_464730000003718426,ES0031101434557008FF
zcrm_464730000003702437,ES003110143456002BH
zcrm_464730000003770023,ES0031101434810004JA0F
zcrm_464730000003725135,ES0031101435242001GZ
zcrm_464730000003229099,ES0031101435522001BN0F
zcrm_464730000003718150,ES0031101435703001SW
zcrm_464730000003718110,ES0031101436035001MC
zcrm_464730000003310121,ES0031101436203003LF0F
zcrm_464730000003702025,ES0031101442745009JP0F
zcrm_464730000001046075,ES0031101457767001NX0F
zcrm_464730000004836168,ES0031101457948001QT0F
zcrm_464730000004890510,ES0031101458521001CR0F
zcrm_464730000004967293,ES0031101458841001HW0F
zcrm_464730000003310147,ES0031101464685007RF
zcrm_464730000003697479,ES0031101480463006AY
zcrm_464730000003770003,ES0031101482357001XC0F
zcrm_464730000003995033,ES0031101485775003QS
zcrm_464730000001799171,ES0031101486496006SZ0F
zcrm_464730000001060369,ES0031101490113005WX
zcrm_464730000002802283,ES0031101490113005WX
zcrm_464730000002874047,ES0031101491655005TK0F
zcrm_464730000003770033,ES0031101493034001LY0F
zcrm_464730000001487007,ES0031101494937008GQ0F
zcrm_464730000001896055,ES0031101494937008GQ0F
zcrm_464730000003770043,ES0031101497674006WZ0F
zcrm_464730000003483053,ES0031101558439001VK0F
zcrm_464730000004516287,ES0031101651284002GWOF
zcrm_464730000003470009,ES0031101674436001VV
zcrm_464730000003652069,ES0031101691525001WV
zcrm_464730000003672134,ES0031101694614001XW
zcrm_464730000002315207,ES0031101700116001GB0F
zcrm_464730000001080359,ES0031101730608001TZ0F
zcrm_464730000003145114,ES003110173593600LHOF
zcrm_464730000003246015,ES0031101813108001SAOF
zcrm_464730000002772513,ES0031101817523001JS
zcrm_464730000002772549,ES0031101817798001XG
zcrm_464730000002781385,ES0031101817798002XM
zcrm_464730000003718130,ES0031101840079001NF
zcrm_464730000003032206,ES0031101844790004TN0F
zcrm_464730000001165043,ES0031101897647001QL0F
zcrm_464730000002067223,ES0031101989047001NC0F
zcrm_464730000003062223,ES0031102020562015MC0F
zcrm_464730000004283114,ES0031102130852001KS0F
zcrm_464730000004283134,ES0031102132585031EH0F
zcrm_464730000001567041,ES0031102144433001CK0F
zcrm_464730000003449281,ES0031102201444002GW0F
zcrm_464730000004283124,ES0031102204745001MH0F
zcrm_464730000004283144,ES0031102210564003MC0F
zcrm_464730000004283154,ES0031102211235001SQ0F
zcrm_464730000003246229,es0031102226303024saof
zcrm_464730000000769043,ES0031102255621001AH0F
zcrm_464730000003797065,ES0031102261130003AZ
zcrm_464730000003964013,ES0031102275906003WD0F
zcrm_464730000003498071,ES0031102285925005ZG0F
zcrm_464730000002962068,ES0031102289206013CQ0F
zcrm_464730000002954029,ES0031102289230001MS0F
zcrm_464730000003669015,ES0031102301051001GG0F
zcrm_464730000000368165,ES003110231341300SHZOF
zcrm_464730000000257107,ES0031102337018018VN0F
zcrm_464730000002126437,ES0031102378132018EV0F
zcrm_464730000001194031,ES0031102393485031QR0F
zcrm_464730000002891388,ES0031102415837001KL0F
zcrm_464730000003702045,ES0031102454108001CP0F
zcrm_464730000003702293,ES0031102511086037LY0F
zcrm_464730000000985647,ES0031102605262001MD
zcrm_464730000002085119,ES0031102605262001MD
zcrm_464730000003997061,ES0031102643607001RF0F
zcrm_464730000002926175,ES0031102653609001DC0F
zcrm_464730000003702035,ES0031102659192001FT0F
zcrm_464730000003048285,ES0031102664566001WG0F
zcrm_464730000004973009,es0031102668347001nb
zcrm_464730000003368491,ES0031102692219001GN0F
zcrm_464730000003355362,ES0031102702986001SE
zcrm_464730000003030007,ES0031102716568001NQ0F
zcrm_464730000002621085,ES0031102751494001MX0F
zcrm_464730000003053078,ES0031102790407001HT0F
zcrm_464730000003310013,ES0031102791176001XHOF
zcrm_464730000004283164,ES0031102791576001ZW0F
zcrm_464730000004030001,ES0031102800523001SW
zcrm_464730000003503506,ES0031102800523001SW0F
zcrm_464730000003993027,ES003110280199002LR0F
zcrm_464730000003964044,ES0031102801999002LR0F
zcrm_464730000003578085,ES0031102852157003XQ0F
zcrm_464730000003780066,ES0031102852856002he0f
zcrm_464730000004027001,ES0031102854684011DZ0F
zcrm_464730000003608307,ES0031102858090001EA
zcrm_464730000000126020,ES0031102858678005BN0F
zcrm_464730000000435079,ES0031102861396001BY0F
zcrm_464730000003997429,ES0031102861989004FE0F
zcrm_464730000004028001,ES0031102866138003JY0F
zcrm_464730000004022005,ES0031102868659001AC0F
zcrm_464730000003749167,ES0031102877172019LW0F
zcrm_464730000003749121,ES0031102877174020ZW0F
zcrm_464730000004030011,ES0031102879768001AC
zcrm_464730000004027011,ES0031102880869014BT0F
zcrm_464730000003873388,ES0031102883760001BW0F
zcrm_464730000003511518,ES0031102896519001JM
zcrm_464730000004026001,ES0031102919321002NJ0F
zcrm_464730000003749131,ES0031102987879006HP
zcrm_464730000003749157,ES0031102987879006HP
zcrm_464730000002781341,ES0031102990021003KS0F
zcrm_464730000004075336,ES0031102994536004KR0F
zcrm_464730000004919009,ES0031103008957003HT0F
zcrm_464730000003903011,ES0031103098211019KD0F
zcrm_464730000003260073,ES0031103109686003VV0F
zcrm_464730000003310241,Es0031103123193014cw0f
zcrm_464730000003310217,Es0031103123193022cx0f
zcrm_464730000003247023,ES0031103135197001QJ0F
zcrm_464730000004984021,ES0031103152236002NQ
zcrm_464730000003368268,ES0031103199177002CV0F
zcrm_464730000002802257,ES0031103260087001SJOF
zcrm_464730000002303035,ES0031103298517002GG0F
zcrm_464730000000096046,ES0031103308541002AY0F
zcrm_464730000001960095,ES0031103327975001PV0F
zcrm_464730000004236333,ES0031103344786001GH0F
zcrm_464730000002016179,ES0031103349262002XN0F
zcrm_464730000003837486,ES0031103365185001ZL
zcrm_464730000002541512,ES0031103372496001RD0F
zcrm_464730000002151279,ES0031103394909001SS1P
zcrm_464730000002953678,ES0031103397534001CW0F
zcrm_464730000002151223,ES0031103403327001QS0F
zcrm_464730000002160145,ES0031103403327001QS0F
zcrm_464730000002151195,ES0031103403476001PKOF
zcrm_464730000000096056,ES0031103414802001JQ0F
zcrm_464730000003189134,ES0031103440169001FV
zcrm_464730000003301029,ES0031103449909001XT0F
zcrm_464730000000089117,ES0031103460854001DJ0F
zcrm_464730000002620003,ES003110346593100AVQOF
zcrm_464730000000089129,ES0031103472560001EW0F
zcrm_464730000000096076,ES0031103480819001XR0F
zcrm_464730000002151171,ES0031103511648001FP0F
zcrm_464730000002160115,ES0031103511648001FPOF
zcrm_464730000002151161,ES0031103552830001WWOF
zcrm_464730000003581017,ES0031103562059001GE
zcrm_464730000002131029,ES0031103565186002PN
zcrm_464730000000096036,ES0031103569473001FH0F/ES00311
zcrm_464730000003310251,ES0031103584779006GY0F
zcrm_464730000000368095,ES0031103586701001XY0F
zcrm_464730000004190319,ES0031103589251037KD0F
zcrm_464730000004042001,ES0031103596347002LZ0F
zcrm_464730000002151213,ES0031103599395001SF0F
zcrm_464730000002151233,ES0031103599395001SFOF
zcrm_464730000002151243,ES0031103599395001SFOS
zcrm_464730000000971023,ES0031103601577001DC0F
zcrm_464730000002151185,ES0031103601983001KR0F
zcrm_464730000004985234,ES0031103607129001QG
zcrm_464730000000096066,ES0031103612225001ED0F
zcrm_464730000003244061,ES0031103620146010NW
zcrm_464730000003310065,Es0031103622807006vj
zcrm_464730000002268083,ES0031103652943001zm
zcrm_464730000002549200,ES0031103696363001TF0F
zcrm_464730000003940318,ES0031103707940001QA0F
zcrm_464730000002198135,ES0031103721815001XT0F
zcrm_464730000000089141,ES0031103724343001YR0F
zcrm_464730000002151265,ES0031104000065001CWOF
zcrm_464730000003997546,ES0031104002552001GN0F
zcrm_464730000004261231,ES0031104015072001BP0F
zcrm_464730000003449376,ES0031104028289001PN0F
zcrm_464730000003997482,ES0031104035871001RQ0F
zcrm_464730000000257045,ES0031104040262001ZV0F
zcrm_464730000003628073,ES0031104057053007SB0F
zcrm_464730000003628037,ES0031104057053012sQ0F
zcrm_464730000003766061,ES0031104058898001PZ0F
zcrm_464730000003003794,ES0031104059951001KM
zcrm_464730000002268039,ES0031104068873006QB0F
zcrm_464730000003727125,ES0031104075750001QY
zcrm_464730000002541480,ES0031104077037001JH0F
zcrm_464730000002692097,ES0031104086927111XJ
zcrm_464730000002674509,ES0031104161748060KF0F
zcrm_464730000003725057,ES0031104176098007BR
zcrm_464730000004972007,ES0031104184451001ZQ0F
zcrm_464730000003204007,ES0031104223213001VR
zcrm_464730000004027023,ES0031104242522060HP0F
zcrm_464730000003702539,ES0031104244961166JX
zcrm_464730000004959493,ES0031104247477001DJ0F
zcrm_464730000003581007,Es0031104260940001fd0f
zcrm_464730000004919095,ES0031104284458030LD0F
zcrm_464730000004331049,ES0031104284541005QT
zcrm_464730000000716081,ES0031104289142001MF0F
zcrm_464730000004030021,ES0031104295484001CX
zcrm_464730000004024001,ES0031104295484002CB0F
zcrm_464730000000686061,ES0031104298754001PP0F
zcrm_464730000003310311,ES0031104316217001QM0F
zcrm_464730000004596109,ES0031104325698001GZ
zcrm_464730000003008181,ES0031104350450001PN0F
zcrm_464730000003042241,ES0031104370914011QW
zcrm_464730000003461124,ES0031104377383023XB
zcrm_464730000003652019,ES0031104403946002TZ0F
zcrm_464730000003243205,es0031104432307001bnof
zcrm_464730000000646107,ES0031104455669001RS0F
zcrm_464730000002261099,ES0031104456696001XL
zcrm_464730000003997597,ES0031104458911001ZG
zcrm_464730000003016097,ES0031104460189001BD0F
zcrm_464730000003725367,ES0031104460189009BV
zcrm_464730000003876011,ES0031104460189014BE0F
zcrm_464730000003718316,ES0031104460189019NG
zcrm_464730000003697043,ES0031104460189022NF
zcrm_464730000003396250,ES0031104461136001SF0F
zcrm_464730000002764423,ES0031104461348001DQ0F
zcrm_464730000003727161,ES0031104469927054KT
zcrm_464730000003702091,ES0031104469927058KG
zcrm_464730000003725037,ES0031104496420001WY0F
zcrm_464730000003581027,ES0031104500066001PTOF
zcrm_464730000003940184,ES0031104501177011NH0F
zcrm_464730000004027033,ES0031104520543015ME0F
zcrm_464730000005166011,ES0031104531429005 SC
zcrm_464730000004176998,ES0031104572803006DB
zcrm_464730000004283186,ES0031104574548001RL0F
zcrm_464730000003235053,ES0031104613333001SG0F
zcrm_464730000003451365,ES0031104614785001XZ0F
zcrm_464730000004030031,ES0031104628015001KT
zcrm_464730000003636001,ES0031104630848001YK0F
zcrm_464730000005065096,ES0031104650056003FX0F
zcrm_464730000002198539,ES0031104652333001SP0F
zcrm_464730000003702335,ES0031104654398004YW
zcrm_464730000002307215,es0031104660571001xy0f
zcrm_464730000003380086,ES0031104660571001XY0F
zcrm_464730000003636011,ES0031104660571001XY0F
zcrm_464730000003669065,ES0031104671505001ZJ0F
zcrm_464730000003882264,ES0031104679918001MG0F
zcrm_464730000004823518,ES0031104717529001NR
zcrm_464730000005057399,es00311047707400041hof
zcrm_464730000003749111,ES0031104774436016MW0F
zcrm_464730000004871429,ES0031104781016001VD0F
zcrm_464730000002307091,ES0031104784173004ZD0F
zcrm_464730000003652003,ES0031104793360001PR
zcrm_464730000002965013,ES0031104802636001FD
zcrm_464730000003510370,ES0031104822792001DM0F
zcrm_464730000003510358,ES0031104822792006DX0F
zcrm_464730000003725381,ES0031104828339017ML
zcrm_464730000003697339,ES0031104874130001SG
zcrm_464730000003697359,ES0031104874130003SY
zcrm_464730000003697349,ES0031104874130004SF
zcrm_464730000003702711,ES0031104874527004AG0F
zcrm_464730000003718080,ES0031104879043001EC0F
zcrm_464730000002151253,ES0031104885861001XS0F
zcrm_464730000003989003,ES0031104915798001AP
zcrm_464730000004546041,ES0031104934446001NE0F
zcrm_464730000003718382,ES0031105020634001LF0F
zcrm_464730000003873212,ES0031105044021002SX0F
zcrm_464730000003727251,ES0031105071719001LY0F
zcrm_464730000003987280,ES0031105079677001FY0F
zcrm_464730000003628105,ES0031105081547001YZ0F
zcrm_464730000003628115,Es0031105081549001rj0f
zcrm_464730000003480020,ES0031105082648001JG
zcrm_464730000003749101,es0031105085275001nj
zcrm_464730000003702233,ES0031105088687013XK
zcrm_464730000001849045,ES0031105094538001KQ0F
zcrm_464730000003725119,ES0031105118393001XZ0F
zcrm_464730000004022015,ES0031105138400001CG0F
zcrm_464730000004896013,ES0031105142311001RS0F
zcrm_464730000003891047,Es0031105157714001yf
zcrm_464730000003900067,ES003110947675001HA0F
zcrm_464730000003729019,ES0031300012175044GG0F
zcrm_464730000001759204,ES0031300013863074AV0F
zcrm_464730000002883109,ES0031300016012050BB0F
zcrm_464730000004524137,es0031300019875049ke
zcrm_464730000004098504,ES0031300022516025PT
zcrm_464730000002608229,ES0031300024143012KJ0F
zcrm_464730000004609307,ES0031300026985001FF
zcrm_464730000002793157,ES0031300046840019DE0F
zcrm_464730000003669103,Es0031300048327003px
zcrm_464730000002160031,ES0031300092688005JSOF
zcrm_464730000002793282,ES0031300100813001VP0F
zcrm_464730000003984137,ES0031300106845002DY
zcrm_464730000002178215,ES0031300114524001XJOF
zcrm_464730000000553299,ES0031300128170001FA
zcrm_464730000003669654,ES0031300154228001YS0F
zcrm_464730000003486105,ES0031300154228002YQ0F
zcrm_464730000002737167,ES0031300158823030NN0F
zcrm_464730000002674093,ES0031300159802001AB0F
zcrm_464730000003766232,ES0031300163093008FV0F
zcrm_464730000003807029,ES0031300163319001NN0F
zcrm_464730000001814071,ES0031300185152002VX0F
zcrm_464730000002148405,ES0031300211405001PGOF
zcrm_464730000002148415,ES0031300211405001PGOF
zcrm_464730000002148395,ES0031300211526001WROF
zcrm_464730000002160045,ES0031300211526001WROF
zcrm_464730000001726212,ES0031300212285001CR0F
zcrm_464730000000852033,ES0031300229814001EB0F
zcrm_464730000003996382,ES0031300240682001DM0F
zcrm_464730000001167037,ES0031300250550001XQOF
zcrm_464730000003788769,ES0031300253366001QB0F
zcrm_464730000000435201,ES0031300254274001MN0F
zcrm_464730000004231155,ES0031300288625001CB0F
zcrm_464730000003993011,ES0031300311977002
zcrm_464730000003940588,ES0031300311977002NC0F
zcrm_464730000003984093,ES0031300326950001CL0F
zcrm_464730000003564013,ES0031300503426022ef0f
zcrm_464730000002793321,ES0031300503602005ZV0F
zcrm_464730000001871067,ES0031300515357024LN0F
zcrm_464730000004261095,ES0031300516713001VH0F
zcrm_464730000004881129,ES0031300516713001VH0F
zcrm_464730000004277054,ES0031300532202001CL0F
zcrm_464730000004126109,ES0031300533493001PY0F
zcrm_464730000003548035,ES0031300536892002SK0F
zcrm_464730000002148425,ES0031300550396004WJOF
zcrm_464730000002549082,ES0031300553487045YN
zcrm_464730000001777059,ES0031300570806001FZ0F
zcrm_464730000002793227,ES0031300573031013DY0F
zcrm_464730000003511084,ES0031300628337001JX0F
zcrm_464730000003559290,ES0031300638944001ZP0F
zcrm_464730000004351338,ES0031300644352001SH0F
zcrm_464730000004126179,ES0031300648534001AC0F
zcrm_464730000003702355,ES0031300667197011EW
zcrm_464730000002099017,ES0031300675059001KV0F
zcrm_464730000002969145,ES0031300691713009TR
zcrm_464730000003112045,ES0031300695522001PD0F
zcrm_464730000002198253,ES0031300709206006RA0F
zcrm_464730000003984116,ES003130098806001HB
zcrm_464730000003548045,ES00313300718714066QR0F
zcrm_464730000003122122,ES0031405014836001TM0F
zcrm_464730000002518059,ES0031405022439001DX0F
zcrm_464730000003474103,ES0031405031688001FC0F
zcrm_464730000003053035,ES0031405053770001ML0F
zcrm_464730000002723507,ES0031405079971001nv0f
zcrm_464730000001638021,ES0031405083722001YQ
zcrm_464730000004828399,ES0031405096552001JH0F
zcrm_464730000003958155,ES0031405102034001NZOF
zcrm_464730000003994340,ES0031405102099001DQ0F
zcrm_464730000005036029,ES0031405103532001FR0F
zcrm_464730000003702315,ES0031405104849001CK
zcrm_464730000001403027,es0031405115331002swof
zcrm_464730000004308067,ES0031405124728001PY0F
zcrm_464730000003703529,ES0031405126039001ZY0F
zcrm_464730000002781461,ES0031405134082001VK
zcrm_464730000001823105,ES0031405171045001WC0F
zcrm_464730000004524113,ES0031405187359001XMOF
zcrm_464730000003718452,ES0031405206343003TZ0F
zcrm_464730000003306013,ES0031405225651002RL0F
zcrm_464730000002744357,ES0031405244071001BP0F
zcrm_464730000002420127,ES0031405244214001HV
zcrm_464730000003590028,ES0031405288559002HY0F
zcrm_464730000003590048,ES0031405288559003HF0F
zcrm_464730000003590038,ES0031405288559004HP0F
zcrm_464730000004354161,ES0031405315423001DM
zcrm_464730000002094215,ES0031405315561001YM0F
zcrm_464730000002798049,ES0031405381766001TW0F
zcrm_464730000004774069,ES0031405406305001TN0F
zcrm_464730000004308055,ES0031405420414001WF0F
zcrm_464730000004151015,ES0031405421549001SA0F
zcrm_464730000002353029,ES003140542388001HE0F
zcrm_464730000002153377,ES0031405426792025LQ
zcrm_464730000003687257,ES0031405427296009JR
zcrm_464730000003470053,ES0031405430255001WC0F
zcrm_464730000003535190,ES0031405430264004AF0F
zcrm_464730000001877025,ES0031405430295002VR0F
zcrm_464730000003934130,Es0031405430462007xa0f
zcrm_464730000002744171,ES0031405431554054HX0F
zcrm_464730000003114545,ES0031405433395007LC0F
zcrm_464730000000121017,ES0031405433767003RZ0F
zcrm_464730000005034460,ES0031405435228015CC
zcrm_464730000003045202,ES0031405435762013PG0F
zcrm_464730000003944175,Es0031405437002017dd
zcrm_464730000003219634,ES0031405438058044SZ0F
zcrm_464730000003378067,ES0031405442440001AB0F
zcrm_464730000003378075,ES0031405464940001MPOF
zcrm_464730000004058328,ES0031405472838001YS0F
zcrm_464730000004354121,ES0031405473652002RT
zcrm_464730000004354131,ES0031405475828001XS
zcrm_464730000002744033,ES0031405482931001SV0F
zcrm_464730000004737199,ES0031405489486002EH0F
zcrm_464730000003142105,ES003140550684001DN0F
zcrm_464730000003176024,ES0031405509464001JX0F
zcrm_464730000001964193,ES0031405514477002ET0F
zcrm_464730000002240013,ES0031405514478001LX
zcrm_464730000004211363,ES0031405514757006YW0F
zcrm_464730000004250497,ES0031405514757006YW0F
zcrm_464730000002442011,ES0031405519585003KT0F
zcrm_464730000002349011,ES0031405520903001DY0F
zcrm_464730000001689078,ES0031405520903012DV0F
zcrm_464730000002351135,ES0031405521434001GM
zcrm_464730000003219749,ES0031405524466003VD0F
zcrm_464730000002047095,ES0031405567431001TH0F
zcrm_464730000004084242,ES0031405574609002TH0F
zcrm_464730000004510085,ES0031405578370001SB0F
zcrm_464730000005156027,es0031405582592001vqof
zcrm_464730000002732960,ES0031405610332003FV
zcrm_464730000002674421,ES0031405610497001MJ0F
zcrm_464730000002732936,ES0031405610500002KR
zcrm_464730000001643023,ES0031405611091003WV0F
zcrm_464730000002732948,ES0031405611443009NP
zcrm_464730000001748219,ES0031405624164002HT0F
zcrm_464730000002798089,ES0031405630775003KL
zcrm_464730000003939115,ES0031405641217001RV0F
zcrm_464730000001121079,ES0031405650034001PJ0F
zcrm_464730000003781003,ES0031405655212005SG0F
zcrm_464730000003563023,ES0031405667030105WZ0F
zcrm_464730000002793180,ES0031405667099075BF0F
zcrm_464730000003697141,ES0031405679450008GD
zcrm_464730000003491017,ES0031405684878001RW0F
zcrm_464730000003849122,ES0031405686137001TM0F
zcrm_464730000003246090,ES0031405695849012GJ
zcrm_464730000003932249,ES0031405699059004MX0F
zcrm_464730000002743017,ES0031405711055001EN0F
zcrm_464730000004322099,ES0031405734213001KW
zcrm_464730000003542223,ES0031405741906001XP0F
zcrm_464730000003036007,ES0031405746446001SS0F
zcrm_464730000004195023,ES0031405747851020SX0F
zcrm_464730000003808150,ES0031405750021005QZ0F
zcrm_464730000003996345,ES0031405763429001ZEOF
zcrm_464730000000324049,ES0031405769456007LQ0F
zcrm_464730000003316085,ES0031405769754001AE0F
zcrm_464730000003571005,ES0031405776148012AXOF
zcrm_464730000003486071,ES0031405783666001LN0F
zcrm_464730000003658218,ES0031405820173001GD0F
zcrm_464730000003658208,ES0031405820195001VK0F
zcrm_464730000003697455,ES0031405829438006PQ0F
zcrm_464730000002973053,ES0031405833277001XN0F
zcrm_464730000002694283,ES0031405840479001HE0F
zcrm_464730000000993211,ES0031405840479001HEOF
zcrm_464730000002689031,ES0031405845982012BF0F
zcrm_464730000004321099,ES0031405857499001QE0F
zcrm_464730000004896043,ES0031405857977001FJ0F
zcrm_464730000003895003,ES0031405868774001NP0F
zcrm_464730000001987220,ES0031405890649001AF0F
zcrm_464730000004474468,ES0031405903681004FA
zcrm_464730000002710198,ES0031405909070001XP0F
zcrm_464730000001964099,ES0031405919444001TLOF
zcrm_464730000001758063,ES0031405926484001AH0F
zcrm_464730000001647076,es003140592715400qm0f
zcrm_464730000004354111,ES0031405927340004FF
zcrm_464730000001466051,ES0031405928105001XROF
zcrm_464730000003008007,ES0031405930716002AL
zcrm_464730000003375131,ES0031405940214001HF
zcrm_464730000002178057,ES0031405945115001XY0F
zcrm_464730000002557207,ES0031405946714001AT
zcrm_464730000005096425,ES0031405954789001VE
zcrm_464730000000353173,ES0031405967524001BZ0F
zcrm_464730000003697249,ES0031405970068019ZW0F
zcrm_464730000002041053,ES0031405974910001QR0F
zcrm_464730000004474316,ES0031405975550006NP0F
zcrm_464730000004376005,ES0031405977705007YR
zcrm_464730000001887019,ES0031405980162003LE0F
zcrm_464730000004151039,ES0031405983255010VN0F
zcrm_464730000004354091,ES0031405986813003ZC
zcrm_464730000001194075,ES00314059879114003PP
zcrm_464730000003669035,ES0031405997106001WNOF
zcrm_464730000003903365,ES0031405997589001AN0F
zcrm_464730000003943019,ES0031405997589001ANOF
zcrm_464730000003219905,ES0031405997705002XROF
zcrm_464730000004354069,ES0031405999800001QE
zcrm_464730000002228095,ES0031406022985001QX0F
zcrm_464730000003702497,ES0031406038855002QB0F
zcrm_464730000002151127,ES0031406041191005JLOF
zcrm_464730000002303125,ES0031406053898001PK0F
zcrm_464730000002210003,ES0031406102768001MN0F
zcrm_464730000002487233,ES0031406106569001BD0F
zcrm_464730000003439014,ES0031406107273017FH
zcrm_464730000002303175,ES0031406109794001CH0F
zcrm_464730000002646365,ES0031406110327005XC0F
zcrm_464730000001175047,ES0031406110422004RY
zcrm_464730000004354079,ES0031406161845001EV
zcrm_464730000003292019,ES0031406166171001SQ
zcrm_464730000003668019,ES0031406178617001WA0F
zcrm_464730000004197262,ES0031406190635001DC0F
zcrm_464730000004379285,ES0031406191541019WE0F
zcrm_464730000003668089,ES0031406191834016EE
zcrm_464730000003687287,ES0031406276314001BH0F
zcrm_464730000004331306,ES0031406277970005KE0F
zcrm_464730000000121083,ES0031406288164001YG0F
zcrm_464730000003511618,ES0031406288378001HN0F
zcrm_464730000001964211,ES0031406289079001KH0F
zcrm_464730000001696234,ES0031406297563001VP
zcrm_464730000002379123,ES0031406300186001AL
zcrm_464730000000324343,ES0031406305631024GE0F
zcrm_464730000002589099,ES0031406306384001ZW0F
zcrm_464730000003645013,ES0031406331798002GS0F
zcrm_464730000003081629,ES0031406368834022JD0F
zcrm_464730000003235231,ES0031408009253001ZQ0F
zcrm_464730000003241099,ES0031408018032003WX0F
zcrm_464730000001901077,Es0031408019655001ajof
zcrm_464730000002626147,ES0031408026220001PP0F
zcrm_464730000005014287,ES0031408040342002TD
zcrm_464730000002732782,ES0031408054417002HK0F
zcrm_464730000002732754,ES0031408054418001QP
zcrm_464730000002975523,ES0031408054418019VA0F
zcrm_464730000003669432,ES0031408054418026VX0F
zcrm_464730000002681821,ES0031408054422001YY0F
zcrm_464730000002732732,ES0031408054422025FF
zcrm_464730000002179030,ES003140806570000 1 VWOF
zcrm_464730000004652413,ES0031408071115019RS0F
zcrm_464730000003808125,ES0031408075357007KK0F
zcrm_464730000001182063,ES0031408083872001PROF
zcrm_464730000002228333,ES0031408094375001HM0F
zcrm_464730000004567228,ES0031408110258001PX0F
zcrm_464730000003725105,ES0031408111636006YQ0F
zcrm_464730000003249114,Es0031408114237025abof
zcrm_464730000000324363,es0031408121414001GKOF
zcrm_464730000001838015,ES0031408121846001LN0F
zcrm_464730000001990337,ES0031408121846002LJ0F
zcrm_464730000003249124,ES0031408128029002KS0F
zcrm_464730000003571015,ES0031408132942012YHOF
zcrm_464730000003583041,ES0031408132942014YCOF
zcrm_464730000004998179,ES0031408134068001HL
zcrm_464730000002798029,ES0031408142504001CXOF
zcrm_464730000002732704,ES0031408153749001EB
zcrm_464730000003176098,ES0031408163916001ME0F
zcrm_464730000003996268,ES0031408164843001ZF0F
zcrm_464730000005111031,ES0031408173412001WN
zcrm_464730000003223043,Es0031408173792001xy0f
zcrm_464730000004054395,ES0031408184183002AK0F
zcrm_464730000003725233,ES0031408225044008AD0F
zcrm_464730000003669045,ES0031408226057002RZ0F
zcrm_464730000004432124,ES0031408227340001DG0F
zcrm_464730000003761011,ES0031408235186013GAOF
zcrm_464730000002260045,ES0031408239964015FP0F
zcrm_464730000003249065,es0031408242051001xcof
zcrm_464730000002778043,ES0031408246445001QP0F
zcrm_464730000004625050,ES0031408246445001QPOF
zcrm_464730000003249134,ES0031408257694012PH0F
zcrm_464730000003114379,ES0031408265179001QW0F
zcrm_464730000003923678,ES0031408282248001MN0F
zcrm_464730000002188349,ES0031408297277001XF0F
zcrm_464730000002883325,ES0031408303039001QR0F
zcrm_464730000003013025,ES0031408304867001YF0F
zcrm_464730000003749079,ES0031408310698006EY0F
zcrm_464730000002204173,ES0031408316153001LE0F
zcrm_464730000004333038,ES0031408321224003CF0F
zcrm_464730000002529287,ES0031408336726001MMOF
zcrm_464730000003620005,ES0031408343145001XG0F
zcrm_464730000003619512,ES0031408343145020BT0F
zcrm_464730000003619534,ES0031408343146010PR0F
zcrm_464730000003619544,ES0031408343183018FW0F
zcrm_464730000005023084,ES0031408348484020WXof
zcrm_464730000002151309,ES0031408348566001RL0F
zcrm_464730000002830009,ES0031408349898001TC0F
zcrm_464730000003479046,ES0031408365619001PZOF
zcrm_464730000004166150,ES0031408381028001KA
zcrm_464730000005119063,ES0031408386022001PJ0F
zcrm_464730000003958033,ES0031408421857009DD0F
zcrm_464730000002547281,ES0031408421963001VV
zcrm_464730000002623107,ES0031408424569001RW
zcrm_464730000003306041,ES0031408436272001KG0F
zcrm_464730000005137013,ES0031408437378002SG
zcrm_464730000001085317,ES0031408442015001ML0F
zcrm_464730000005111063,ES0031408464769001BG
zcrm_464730000005111041,ES0031408464772003AQ
zcrm_464730000003217137,ES0031408465465001GR0F
zcrm_464730000002734201,es0031408465735001jg0f
zcrm_464730000003766279,ES0031408465735001JG0F
zcrm_464730000001964351,ES0031408496016004NN0F
zcrm_464730000003090282,ES0031408510591001NR0F
zcrm_464730000005014273,ES0031408510591001NR0F
zcrm_464730000000121033,ES003140851559001LP
zcrm_464730000003672250,ES0031446390665002QM0F
zcrm_464730000003672260,ES0031446390665003QY0F
zcrm_464730000003672240,ES0031446390665004QF0F
zcrm_464730000003672190,ES0031446390665005QP0F
zcrm_464730000003672270,ES0031446390665006QD0F
zcrm_464730000003672200,ES0031446390665007QX0F
zcrm_464730000003672210,ES0031446390665008QB0F
zcrm_464730000003672220,ES0031446390665010QJ0F
zcrm_464730000003672230,ES0031446390665011QZ0F
zcrm_464730000003672180,ES0031446390665012QS0F
zcrm_464730000003669290,ES0031446414755001XB0F
zcrm_464730000003511686,ES0031446416966004RR0F
zcrm_464730000003669208,ES0031446437245010ZE0F
zcrm_464730000004259042,ES0031446438242001FD0F
zcrm_464730000003669235,ES0031448040101003AE0F
zcrm_464730000005149015,es0031500021868001eeof
zcrm_464730000003301101,ES0031500022145001ZX0F
zcrm_464730000003851116,ES0031500055015003QE0F
zcrm_464730000003882326,ES0031500055015003QE0F
zcrm_464730000003725301,ES0031500063400018DL0F
zcrm_464730000001887079,ES0031500112395020JF0F
zcrm_464730000003907458,ES0031500113847001FK0F
zcrm_464730000003891071,ES0031500120720003HW0F
zcrm_464730000003721051,ES0031500170663001EH0F
zcrm_464730000003996752,ES0031500183918006QP0F
zcrm_464730000003918027,ES0031500209050001GH0F
zcrm_464730000003260123,ES0031500254065001QQ0F
zcrm_464730000003195606,ES0031500268981001FX0F
zcrm_464730000003279038,ES0031500269613001TQ0F
zcrm_464730000003464037,ES0031500274215001XSOF
zcrm_464730000003718336,ES0031500537855018HW0F
zcrm_464730000000353347,ES0031500552184006QJ0F
zcrm_464730000004153053,ES0031500583864003YVOF
zcrm_464730000003311037,ES0031500585302009ZV0F
zcrm_464730000002735231,ES0031500590442001RS0F
zcrm_464730000003235855,ES0031500590573001QF0F
zcrm_464730000003672114,ES0031500668668001FW0F
zcrm_464730000000257029,ES0031601094301009DT0F
zcrm_464730000001964023,ES0031601101647007EM0F
zcrm_464730000002936324,ES0031601114015021KE0F
zcrm_464730000003243055,ES0031601193778006ZL
zcrm_464730000003305017,ES0031601193778006ZL
zcrm_464730000003702273,ES0031601197385007AE
zcrm_464730000003608073,ES0031607224089001FD0F
zcrm_464730000003354041,ES0031607235182002RH0F
zcrm_464730000003354029,ES0031607270323040YT
zcrm_464730000003243123,ES0031607334727005CD0F
zcrm_464730000003718172,ES0031607408195001HW0F
zcrm_464730000003354051,ES0031607541970001JX
zcrm_464730000003871087,ES0031607575638001GN0F
zcrm_464730000003347140,ES0033770078704001PF
zcrm_464730000001928031,es0033770081748058qzof
zcrm_464730000001962298,ES003377012665001LN
zcrm_464730000003779015,es0033770502018001LLOF
zcrm_464730000002961236,ES0033770551229001FN
zcrm_464730000001925461,ES0033770586679001NC
zcrm_464730000003608207,ES0034113000056033AQ0F
zcrm_464730000004384204,ES003446463804001SQ0F
zcrm_464730000003807068,ES0102240223086901DL
zcrm_464730000004354101,ES0113000048559686JJOF
zcrm_464730000001890068,ES0113000998052395LY0F
zcrm_464730000001890090,ES0113000998052395LY0F
zcrm_464730000003944155,ES0132000000020129EH0F
zcrm_464730000003241226,ES0132000000070027FY0F
zcrm_464730000005014129,ES0163000000000849RR1P
zcrm_464730000002841268,ES0167000400025350EK0F
zcrm_464730000002487189,ES0177000000399600GE0F
zcrm_464730000004365576,ES0189000056270001MZ
zcrm_464730000002856147,ES0210000136244PA
zcrm_464730000003703013,ES0236150001379332VH
zcrm_464730000002936066,ES0243000000338083CZ0F
zcrm_464730000002620051,ES0243334180141130DL0F
zcrm_464730000003199021,ES02443648000000065CE0F
zcrm_464730000002087095,ES0244364800000024SG0F
zcrm_464730000004197068,ES0264121303816001JH0F
zcrm_464730000001043535,ES0294000000001605AE
zcrm_464730000001786089,ES0315000010218315BZOF
zcrm_464730000003029009,ES0315000010518313BKOF
zcrm_464730000001096155,Es0321010007100073te
zcrm_464730000002773147,ES03290000000023094YR
zcrm_464730000003932445,ES0329000000023094YR
zcrm_464730000001946019,ES0390000005921406KC1P
zcrm_464730000000993035,ES0390000008964685LP1P
zcrm_464730000004084382,ES0400134960754001XQ
zcrm_464730000003218023,ES0413000025090002RW
zcrm_464730000003997373,ES0574000000031163HP0F
zcrm_464730000004749005,es12345678901234567890
zcrm_464730000004836057,ES310031103623089001LM0F
zcrm_464730000001770193,ESOO31405838033001TA0F
zcrm_464730000004517677,lmfgmg
zcrm_464730000003510255,Nuevo suministro
zcrm_464730000003818381,Nuevo suministro
zcrm_464730000003900115,Vacio en el contrato
zcrm_464730000002067253,VARIOS
zcrm_464730000002764119,VARIOS
zcrm_464730000002921027,varios
zcrm_464730000003219201,VARIOS
zcrm_464730000003329024,Varios
zcrm_464730000003342175,VARIOS
zcrm_464730000003560058,Varios
zcrm_464730000003923515,VARIOS
zcrm_464730000004220005,Varios
zcrm_464730000004881280,Varios
zcrm_464730000004904153,VARIOS
zcrm_464730000004985205,VARIOS
zcrm_464730000005090128,VARIOS
